{
    "accuracy": 0.9627659574468085,
    "precision": 0.6666666666666666,
    "recall": 0.25,
    "f1_score": 0.36363636363636365,
    "report": {
        "0": {
            "precision": 0.9675675675675676,
            "recall": 0.9944444444444445,
            "f1-score": 0.9808219178082193,
            "support": 180.0
        },
        "1": {
            "precision": 0.6666666666666666,
            "recall": 0.25,
            "f1-score": 0.36363636363636365,
            "support": 8.0
        },
        "accuracy": 0.9627659574468085,
        "macro avg": {
            "precision": 0.8171171171171171,
            "recall": 0.6222222222222222,
            "f1-score": 0.6722291407222915,
            "support": 188.0
        },
        "weighted avg": {
            "precision": 0.9547632739122102,
            "recall": 0.9627659574468085,
            "f1-score": 0.9545587027370764,
            "support": 188.0
        }
    }
}