{
    "accuracy": 0.9574468085106383,
    "precision": 0.5,
    "recall": 0.125,
    "f1_score": 0.2,
    "report": {
        "0": {
            "precision": 0.9623655913978495,
            "recall": 0.9944444444444445,
            "f1-score": 0.9781420765027323,
            "support": 180.0
        },
        "1": {
            "precision": 0.5,
            "recall": 0.125,
            "f1-score": 0.2,
            "support": 8.0
        },
        "accuracy": 0.9574468085106383,
        "macro avg": {
            "precision": 0.7311827956989247,
            "recall": 0.5597222222222222,
            "f1-score": 0.5890710382513662,
            "support": 188.0
        },
        "weighted avg": {
            "precision": 0.9426904598490048,
            "recall": 0.9574468085106383,
            "f1-score": 0.945029647715382,
            "support": 188.0
        }
    }
}