{
    "accuracy": 0.84472049689441,
    "precision": 0.735632183908046,
    "recall": 0.7032967032967034,
    "f1_score": 0.7191011235955056,
    "report": {
        "0": {
            "precision": 0.8851063829787233,
            "recall": 0.9004329004329005,
            "f1-score": 0.8927038626609441,
            "support": 231.0
        },
        "1": {
            "precision": 0.735632183908046,
            "recall": 0.7032967032967034,
            "f1-score": 0.7191011235955056,
            "support": 91.0
        },
        "accuracy": 0.84472049689441,
        "macro avg": {
            "precision": 0.8103692834433847,
            "recall": 0.8018648018648019,
            "f1-score": 0.8059024931282248,
            "support": 322.0
        },
        "weighted avg": {
            "precision": 0.8428636745457059,
            "recall": 0.84472049689441,
            "f1-score": 0.8436422190120159,
            "support": 322.0
        }
    }
}