{
    "accuracy": 0.8385093167701864,
    "precision": 0.7142857142857143,
    "recall": 0.7142857142857143,
    "f1_score": 0.7142857142857143,
    "report": {
        "0": {
            "precision": 0.8874458874458875,
            "recall": 0.8874458874458875,
            "f1-score": 0.8874458874458875,
            "support": 231.0
        },
        "1": {
            "precision": 0.7142857142857143,
            "recall": 0.7142857142857143,
            "f1-score": 0.7142857142857143,
            "support": 91.0
        },
        "accuracy": 0.8385093167701864,
        "macro avg": {
            "precision": 0.800865800865801,
            "recall": 0.800865800865801,
            "f1-score": 0.800865800865801,
            "support": 322.0
        },
        "weighted avg": {
            "precision": 0.8385093167701864,
            "recall": 0.8385093167701864,
            "f1-score": 0.8385093167701864,
            "support": 322.0
        }
    }
}