{
    "mse": 0.010153500655889403,
    "r2_score": -0.021263354449566396
}